{"eval_exact_match": 57.414661443760494, "eval_f1": 65.47364123360104}