{"eval_exact_match": 75.10879848628193, "eval_f1": 83.5709325317187}