{"eval_exact_match": 47.78089887640449, "eval_f1": 55.30308335081319}